name,tags,zeit_minuten,portionen,zutaten,schritte,bild,tipps,original_url,original_quelle
Lasagne Bolognese,italienisch; pasta; mit-fleisch; ofengericht; für-gäste; aufwendig,60,2,250 g gemischtes Hackfleisch | 1 kleine Zwiebel | 1 Knoblauchzehe | 0.5 Bund glatte Petersilie | 1 EL Olivenöl | 1 EL Tomatenmark | 400 g geschälte Tomaten (1 kleine Dose) | 0.5 EL getrockneter Oregano | 6 Lasagneplatten | 75 g geriebener Käse | Salz | Pfeffer | 15 g Butter | 15 g Mehl | 250 ml Milch | Muskat,"Zwiebel, Knoblauch und Petersilie fein hacken. | Hackfleisch in Olivenöl scharf anbraten, mit Salz und Pfeffer würzen. Zwiebel und Knoblauch zugeben und kurz mitbraten. | Tomatenmark unterrühren und kurz anrösten. Tomaten, Oregano und Petersilie zugeben und alles zugedeckt 30 Min bei mittlerer Hitze köcheln lassen. | Für die Béchamel Butter schmelzen, Mehl einrühren und kurz anschwitzen. Milch nach und nach unter Rühren zugeben, einmal aufkochen und cremig köcheln lassen. Mit Salz, Pfeffer und Muskat abschmecken. | Ofen auf 180 °C Ober-/Unterhitze vorheizen. | In einer kleinen Auflaufform (ca. 15x20 cm) schichten: erst Bolognese, dann abwechselnd Lasagneplatten, Bolognese und Béchamel. Mit Béchamel abschließen und mit Käse bestreuen. | 30 Min backen.",lasagne-bolognese.jpg,Schmeckt am nächsten Tag fast noch besser.,https://www.gaumenfreundin.de/lasagne-bolognese/,Gaumenfreundin
Spargelauflauf mit Kartoffeln und Schinken,ofengericht; mit-fleisch; deutsch; aufwendig,80,2,300 g festkochende Kartoffeln | 400 g grüner Spargel | 60 g Putenschinken (in Scheiben) | 2 EL Butter | 15 g Dinkelvollkornmehl | 190 ml Milch | 60 ml Sahne | 50 g frisch geriebener Gruyère | 1 EL gehackte Petersilie | Salz | Pfeffer | Muskat,"Kartoffeln waschen und mit Schale ca. 20 Min in Salzwasser kochen. Abgießen, abschrecken, pellen und in Scheiben schneiden. | Spargel im unteren Drittel schälen, holzige Enden abschneiden. In leicht gesalzenem Wasser ca. 8 Min garen, abgießen und abtropfen lassen. | Je 3-4 Spargelstangen mit einer Schinkenscheibe umwickeln. | Für die Sauce Butter in einem Topf erhitzen, Mehl darin andünsten. Milch und Sahne zugeben und unter Rühren aufkochen. Käse einrühren und mit Salz, Pfeffer und Muskat abschmecken. | Ofen auf 200 °C Ober-/Unterhitze vorheizen. | Spargel-Schinken-Rollen und Kartoffelscheiben in eine flache Auflaufform schichten. Käsesauce darüber gießen. | Ca. 30 Min gratinieren. Mit Petersilie bestreut servieren.",spargelauflauf.jpg,Schmeckt auch mit Blumenkohl statt Kartoffeln als Low-Carb-Variante.,https://eatsmarter.de/rezepte/spargelauflauf-mit-kartoffeln-und-schinken,EAT SMARTER
Gratinierter Schweinefilet-Apfel-Auflauf mit Currysahne,mit-fleisch; ofengericht; für-gäste; mittel,50,2,400 g Schweinefilet | 2 mittelgroße Äpfel (am besten Boskop) | 125 g Schlagsahne | 80-100 g junger Gouda (gerieben) | 1 EL Pflanzenöl | 1 EL Tomatenmark | 1 TL Currypulver (mild) | Salz | Pfeffer | Thymianzweige zum Garnieren,"Schweinefilet rechtzeitig aus dem Kühlschrank nehmen, damit es Zimmertemperatur hat. Ofen auf 200 °C Ober-/Unterhitze vorheizen und Auflaufform einfetten. | Äpfel waschen, schälen, entkernen und in ca. 2 mm dünne Scheiben schneiden. | Schweinefilet trocken tupfen, in ca. 2 cm dicke Medaillons schneiden und mit Salz würzen. | Öl in einer Pfanne erhitzen. Medaillons portionsweise von beiden Seiten je 1 Min scharf anbraten und in die Auflaufform legen. | Den Bratensatz mit der Sahne ablöschen, kurz aufkochen und Hitze reduzieren. Mit Tomatenmark, Curry, Salz und Pfeffer abschmecken. | Apfelscheiben dekorativ zwischen die Medaillons schichten. | Currysauce darüber gießen, mit Käse bestreuen. | Auf mittlerer Schiene 20-30 Min goldbraun überbacken.",schweinefilet-apfel-auflauf.jpg,"Dazu passen Baguette, Kartoffeln oder Reis sowie ein knackiger Salat.",https://emmikochteinfach.de/gratinierter-schweinefilet-apfel-auflauf-mit-currysahne/,Emmi kocht einfach
Mousse au chocolat,dessert; vegetarisch; romantisch; schnell,30,2,2 Eier (Größe M) | 40 g Zucker | 125 g Zartbitterschokolade | 1 EL Rum (80%) | 200 ml Sahne,"Schokolade über einem warmen Wasserbad schmelzen. | Eigelb und Zucker schaumig schlagen, bis sich der Zucker komplett aufgelöst hat. | Rum einrühren. | Geschmolzene Schokolade unter die Eigelbmasse rühren. | Sahne steif schlagen und vorsichtig unterheben. | Eiweiß steif schlagen und ebenfalls vorsichtig unterheben. | Mindestens 3 Stunden, besser über Nacht, im Kühlschrank fest werden lassen.",mousse-au-chocolat.jpg,Plus Kühlzeit von mindestens 3 Stunden.,,
Tomaten-Knoblauch-Pasta,pasta; vegetarisch; italienisch; schnell,25,2,200 g Pasta nach Wahl | 250 g Kirsch- oder Datteltomaten | 3 Knoblauchzehen | 2 EL Tomatenmark | 200 ml Gemüsebrühe | 30 g Parmesan (plus mehr zum Servieren) | 2 EL Olivenöl | Salz | Pfeffer | optional frisches Basilikum,"Pasta nach Packungsanweisung in Salzwasser bissfest kochen. | Knoblauch in Scheiben schneiden. Tomaten halbieren. | Olivenöl in einer Pfanne erhitzen. Knoblauch und Tomaten anbraten, bis die Tomaten weich werden und Saft ziehen. | Tomatenmark zugeben und kurz mitrösten. Mit Gemüsebrühe ablöschen. | Parmesan einrühren und die Sauce 5-10 Min einkochen lassen, bis sie cremig wird. | Sauce pürieren (Stabmixer), mit Salz und Pfeffer abschmecken. | Pasta zur Sauce geben und durchschwenken. Mit Parmesan und Basilikum servieren.",tomaten-knoblauch-pasta.jpg,,,
Feldsalat mit Pilzen und Trüffelöl,salat; vegetarisch; schnell,15,2,100 g Feldsalat | 200 g braune Champignons | 30 g Parmesan am Stück | 1 EL Olivenöl zum Braten | 1 TL Trüffelöl | 1 EL Weißweinessig | 2 EL Olivenöl fürs Dressing | Salz | Pfeffer,"Feldsalat verlesen, waschen und trocken schleudern. | Pilze putzen und in Scheiben schneiden. | Olivenöl in einer Pfanne erhitzen. Pilze bei mittlerer Hitze goldbraun braten, mit Salz und Pfeffer würzen. Beiseite stellen und etwas abkühlen lassen. | Aus Essig, Olivenöl, Salz und Pfeffer ein Dressing rühren. | Feldsalat mit Dressing anmachen, lauwarme Pilze darauf verteilen. | Parmesan in Hobeln darüber geben und mit Trüffelöl beträufeln.",feldsalat-pilze-trueffel.jpg,,,
Spinatsalat mit Datteln und Granatapfel,salat; vegetarisch; schnell,15,2,100 g Babyspinat | 1 reife Avocado | 4 Medjool-Datteln (entsteint) | 150 g Kirschtomaten | 100 g kernlose Weintrauben | 2 EL Granatapfelkerne | 2 EL Olivenöl | 1 EL Balsamico | 1 TL Honig | Salz | Pfeffer,"Spinat waschen und trocken schleudern. | Avocado halbieren, entkernen, schälen und in Scheiben schneiden. | Datteln in Streifen schneiden. Tomaten halbieren, Weintrauben halbieren. | Aus Olivenöl, Balsamico, Honig, Salz und Pfeffer ein Dressing rühren. | Spinat, Avocado, Datteln, Tomaten und Weintrauben in einer Schüssel mischen. | Mit Dressing anmachen und mit Granatapfelkernen bestreuen.",spinatsalat-datteln-avocado.jpg,,,
Herbstsalat mit Feta und karamellisierten Walnüssen,salat; vegetarisch; schnell,20,2,150 g bunter Salatmix | 120 g Feta | 60 g Walnusskerne | 2 EL Zucker | 3 EL Granatapfelkerne | 2 EL Olivenöl | 1 EL Apfelessig | 1 TL Senf | 1 TL Honig | Salz | Pfeffer,"Salat waschen und trocken schleudern. | Walnüsse in einer trockenen Pfanne ohne Fett anrösten. Zucker darüber streuen und unter Rühren karamellisieren lassen, bis die Nüsse glänzend überzogen sind. Auf Backpapier ausbreiten und auskühlen lassen. | Aus Öl, Essig, Senf, Honig, Salz und Pfeffer ein Dressing rühren. | Salat mit Dressing anmachen, in Schalen anrichten. | Feta darüberbröseln, karamellisierte Walnüsse und Granatapfelkerne darüber streuen.",herbstsalat-feta-walnuesse.jpg,,,
Reis-Bowl mit Veggie-Hack,bowl; vegan; asiatisch; schnell,25,2,150 g Reis (z.B. Jasmin) | 200 g veganes Hack | 1 Stück Ingwer (ca. 2 cm) | 2 Knoblauchzehen | 1 EL Sesamöl | 2 EL Sojasauce | 1 EL Sweet-Chili-Sauce | 1 EL Teriyaki-Sauce | 0.5 Salatgurke | 150 g Kirschtomaten | 1 Avocado | 1 reife Mango | optional Sesam und Frühlingszwiebel,"Reis nach Packungsanweisung kochen. | Ingwer und Knoblauch fein hacken. | Öl in einer Pfanne erhitzen. Ingwer und Knoblauch kurz anbraten, dann Veggie-Hack zugeben und krümelig braten. | Mit Sojasauce, Sweet-Chili und Teriyaki ablöschen und kurz einköcheln lassen. | Währenddessen Gurke, Tomaten, Avocado und Mango würfeln. | Reis in Schalen verteilen, Hack und Gemüse darauf anrichten.",reis-bowl-veggie.jpg,,,
Nudeln mit Tomatensauce,pasta; vegetarisch; italienisch; schnell,25,2,200 g Pasta nach Wahl | 1 Dose geschälte Tomaten (400 g) | 1 kleine Zwiebel | 2 Knoblauchzehen | 2 EL Olivenöl | 1 TL Zucker | Salz | Pfeffer | frisches Basilikum | Parmesan zum Servieren,"Pasta nach Packungsanweisung in Salzwasser bissfest kochen. | Zwiebel und Knoblauch fein würfeln. | Olivenöl in einer Pfanne erhitzen. Zwiebel glasig dünsten, dann Knoblauch kurz mitdünsten. | Tomaten zugeben und mit dem Kochlöffel etwas zerdrücken. Mit Zucker, Salz und Pfeffer würzen. | Sauce bei mittlerer Hitze 10-15 Min einköcheln lassen, bis sie sämig ist. | Basilikum grob zupfen und unter die Sauce mischen. | Pasta abgießen, mit der Sauce vermengen und mit Parmesan servieren.",nudeln-tomatensauce.jpg,"Wenn die Sauce zu sauer schmeckt, noch eine Prise Zucker dazu. Wer mag, gibt am Ende einen Spritzer Sahne oder ein Stück Butter rein.",,
Apfel-Pfannkuchen,dessert; frühstück; vegetarisch; schnell,25,2,2 mittelgroße Äpfel | 150 g Mehl | 250 ml Milch | 2 Eier | 1 EL Zucker | 1 Prise Salz | 1 TL Vanillezucker | Butter zum Braten | Zimt und Zucker zum Bestreuen,"Mehl, Milch, Eier, Zucker, Vanillezucker und Salz zu einem glatten Teig verrühren. Den Teig 10 Min ruhen lassen. | Äpfel schälen, entkernen und in dünne Scheiben (ca. 3 mm) schneiden. | Etwas Butter in einer Pfanne erhitzen. Eine Schöpfkelle Teig hineingeben und sofort einige Apfelscheiben gleichmäßig auf dem Teig verteilen. | Pfannkuchen bei mittlerer Hitze ca. 2-3 Min goldbraun backen, wenden und auf der anderen Seite fertig backen. | So mit dem restlichen Teig verfahren. | Mit Zimtzucker bestreut servieren.",apfel-pfannkuchen.jpg,,,
Gemüse-Flammkuchen,ofengericht; vegetarisch; deutsch; mittel,30,2,1 Flammkuchenteig (fertig aus dem Kühlregal) | 150 g Crème fraîche | 1 kleine Zucchini | 0.5 rote Paprika | 0.5 rote Zwiebel | 100 g Kirschtomaten | 50 g Feta oder Mozzarella | 1 EL Olivenöl | Salz | Pfeffer | 1 Prise Muskat | frische Kräuter,"Ofen auf 220 °C Ober-/Unterhitze vorheizen. | Zucchini und Paprika in dünne Scheiben schneiden. Zwiebel in feine Ringe schneiden. Tomaten halbieren. | Crème fraîche mit Salz, Pfeffer und Muskat verrühren. | Teig auf einem Backblech mit Backpapier ausrollen. Crème fraîche dünn darauf verstreichen, dabei einen schmalen Rand frei lassen. | Gemüse gleichmäßig verteilen. Feta darüberbröseln und mit Olivenöl beträufeln. | Auf der unteren Schiene ca. 12-15 Min backen, bis der Rand goldbraun und knusprig ist. | Vor dem Servieren mit frischen Kräutern bestreuen.",gemuese-flammkuchen.jpg,,,
Kartoffelgratin,ofengericht; vegetarisch; deutsch; aufwendig,90,2,400 g festkochende Kartoffeln | 125 ml Sahne | 125 ml Vollmilch | 1 Knoblauchzehe | Butter für die Form | 0.5 EL Gemüsebrühepulver | Kräutersalz | Pfeffer | frisch geriebene Muskatnuss | Butterflöckchen,"Ofen auf 180 °C Ober-/Unterhitze vorheizen. | Eine flache Auflaufform mit Butter einfetten. Knoblauch schälen, fein hacken oder direkt in die Form pressen und verteilen. | Kartoffeln schälen und in feine Scheiben hobeln. Nicht waschen, damit die Stärke an den Kartoffeln bleibt, die sorgt später für Bindung. | Die Hälfte der Kartoffelscheiben in die Form schichten, mit Kräutersalz und Muskat leicht würzen. Die restlichen Kartoffeln darüber schichten. | Sahne und Milch mischen, kräftig mit Gemüsebrühepulver, Kräutersalz, Muskat und Pfeffer würzen. Über die Kartoffeln gießen, sodass sie knapp bedeckt sind. | Butterflöckchen auf dem Gratin verteilen. | Ca. 1 Stunde backen, bis das Gratin goldbraun ist. Heiß servieren.",kartoffelgratin.jpg,"Vorwiegend festkochende Kartoffeln und ausreichend Backzeit sind der Schlüssel. Wenn das Gratin nach 45 Min noch flüssig wirkt, einfach weiterbacken.",https://www.chefkoch.de/rezepte/644981165672475/Das-beste-Kartoffelgratin.html,Chefkoch
Supersaftiger Apfelkuchen,dessert; vegetarisch; aufwendig,95,8,125 g weiche Butter oder Margarine | 125 g Zucker | 3 Eier | 250 g Mehl | 0.5 Pck. Backpulver | 1.5 kg Äpfel (geschält und entkernt gewogen) | Fett für die Form | reichlich Butter zum Bestreichen | Zucker oder Zimtzucker zum Bestreuen,"Ofen auf 200 °C Ober-/Unterhitze vorheizen. Eine 26er-Springform fetten. | Aus Butter, Zucker, Eiern, Mehl und Backpulver einen Rührteig herstellen. | Äpfel in größere Stücke (z.B. Achtel) schneiden und unter den Teig heben. Es wirkt viel Apfel im Verhältnis zum Teig, das ist gewollt. | Die Masse in die Form geben und etwas glatt streichen. | Auf der unteren Schiene ca. 50-55 Min backen. | Nach 45 Min mit reichlich Butter bestreichen und großzügig mit Zucker oder Zimtzucker bestreuen. | Sollte der Kuchen vorher zu dunkel werden, mit Backpapier abdecken.",apfelkuchen.jpg,"Schmeckt am besten lauwarm mit Schlagsahne. Der Teig dient nur als Klebstoff für die Apfelstücke, daher die saftige Konsistenz. Ergibt einen Kuchen für 8-10 Stücke.",https://www.chefkoch.de/rezepte/1140221220253617/Supersaftiger-Apfelkuchen.html,Chefkoch
Apfel-Crumble,dessert; vegetarisch; schnell,30,2,2 Äpfel (ca. 350 g) | 1 TL Zitronensaft | 0.5 Pck. Vanillinzucker | 0.25 TL Zimt | etwas Butter für die Förmchen | 55 g Mehl | 35 g brauner Zucker | 1 Prise Salz | 35 g kalte Butter | Puderzucker oder Vanilleeis zum Servieren,"Ofen auf 200 °C Ober-/Unterhitze vorheizen. Zwei kleine feuerfeste Förmchen (ca. 8 cm Ø) oder Cappuccino-Tassen fetten. | Äpfel schälen, vierteln, entkernen und in ca. 1 cm große Würfel schneiden. Mit Zitronensaft, Vanillinzucker und Zimt mischen. Beiseite stellen. | Für die Streusel Mehl, braunen Zucker und Salz in einer Schüssel mischen. Kalte Butter in Würfeln zugeben und mit den Händen rasch zu einem krümeligen Teig verkneten. | Apfelwürfel auf die Förmchen verteilen, dabei randhoch einfüllen (sie fallen beim Backen etwas zusammen). | Üppig mit den Streuseln bedecken. | Ca. 20 Min backen, bis die Streusel goldbraun sind. | Am besten warm servieren, nach Belieben mit Puderzucker bestäubt oder mit Vanilleeis.",apfel-crumble.jpg,"Lässt sich gut vorbereiten. Crumble erst kurz vor dem Servieren in den Ofen schieben, dann kommt er heiß auf den Tisch.",https://www.einfachbacken.de/rezepte/apfel-crumble-schnell-einfach,einfach backen
Thai Curry Ofenspitzkohl,vegan; asiatisch; ofengericht; mittel,45,2,"1 kleiner Spitzkohl | 200 g gekochte Linsen (Abtropfgewicht) | 120 g weiße Bohnen (Abtropfgewicht) | 200 g geschälte Tomaten | 100 ml Kokosmilch | 75 ml Gemüsebrühe | 1 gehäufter EL rote Currypaste | 1 EL Olivenöl | Salz | zum Toppen: frischer Koriander, Frühlingszwiebel in dünnen Streifen, gehackte Erdnüsse, Limettensaft","Ofen auf 175 °C Umluft vorheizen. | Bohnen abtropfen lassen und mit den geschälten Tomaten, Kokosmilch, Gemüsebrühe, Currypaste und etwas Salz im Standmixer 2 Min auf höchster Stufe glatt pürieren. | Linsen abtropfen lassen, mit der Sauce in einer ofenfesten Pfanne oder einem Bräter verrühren und kurz aufkochen. | Spitzkohl der Länge nach vierteln, mit Olivenöl einreiben und salzen. | Spitzkohlviertel mit den Schnittflächen nach oben in die Sauce setzen. | Im unteren Drittel des Ofens 30 Min backen. | Vor dem Servieren mit Koriander, Frühlingszwiebel, Erdnüssen und einem Spritzer Limette toppen.",thai-curry-ofenspitzkohl.jpg,,,Instagram
Auberginen Curry,vegan; asiatisch; indisch; aufwendig,60,2,2 mittelgroße Auberginen | 300 g kleine Tomaten | 1 Zwiebel | 2 Knoblauchzehen | 1 Glas Kichererbsen | 100 g rote Linsen | 1 Dose Kokosmilch (400 ml) | 600 ml Wasser | 2 EL Tomatenmark | 1-2 EL Olivenöl | 0.5 TL Kreuzkümmelsamen | 0.5 TL Senfsamen (optional) | 0.5 TL Kurkuma | 0.5 TL Paprikapulver oder mildes Chili | 0.5 TL Garam Masala | Salz und Pfeffer | frische Petersilie | optional: 1 frische grüne Chili,"Ofen auf 220 °C Ober-/Unterhitze vorheizen. | Auberginen würfeln, Tomaten halbieren. Beides mit Öl, Salz und Pfeffer vermengen und auf einem Blech 30-35 Min rösten, bis das Gemüse weich und leicht gebräunt ist. | Eine Pfanne leicht erhitzen, Kreuzkümmel- und Senfsamen kurz trocken anrösten, bis sie springen. Zermörsern. | Zwiebel fein hacken und in etwas Öl glasig anbraten. Knoblauch zugeben und 1 Min mitbraten. | Tomatenmark, Kurkuma, Paprikapulver und etwas Salz einrühren und kurz rösten, bis es duftet. | Mit Wasser und Kokosmilch ablöschen, Linsen zugeben und köcheln lassen, bis das Öl sich leicht von der Sauce trennt. | Kichererbsen abtropfen lassen und in einer zweiten Pfanne mit Öl und Salz knusprig anrösten. | Geröstete Auberginen, Tomaten und Kichererbsen in die Sauce geben und 5-10 Min köcheln lassen. | Mit Salz, Pfeffer und einem Spritzer Zitrone abschmecken. Mit Petersilie und Basmatireis, Quinoa oder Dinkel servieren.",auberginen-curry.jpg,"Mehr Protein durch zusätzlich Tofu, Hähnchen oder Fisch.",,Instagram (@darmfreundliche_rezepte)
Onepot Gyoza,vegetarisch; asiatisch; ofengericht; schnell,30,2,200 g TK-Gyoza | 100 g TK-Edamame | 200 ml Kokosmilch | 100 ml Wasser oder Gemüsebrühe | 2 EL Sojasauce | 1 EL Reisessig | 1 EL Sesamöl | 1 EL rote Currypaste | 2 Knoblauchzehen | 1 Stück Ingwer (ca. 2 cm),"Ofen auf 200 °C Ober-/Unterhitze vorheizen. | Knoblauch und Ingwer fein reiben. | In einer ofenfesten Form oder Pfanne Sojasauce, Reisessig, Sesamöl, Currypaste, Kokosmilch, Wasser, Knoblauch und Ingwer verrühren. | Gyoza und Edamame in die Sauce geben und gut vermengen. | Ca. 25 Min backen.",onepot-gyoza.jpg,"Adaptiert, das Original-Reel hatte keine Mengenangaben. Mengen sind ein Vorschlag.",,Instagram
Asiatische Udon-Bowl,vegan; asiatisch; schnell; bowl,20,2,"400 g Udon-Nudeln | 400 ml Gemüsebrühe | 200 ml Kokosmilch | 2 EL Sesamöl | 2 Knoblauchzehen | 2 cm Ingwer | 2 EL rote Currypaste | 2 EL Misopaste | 2 EL Sojasauce | optional zum Garnieren: Karotte, Lauchzwiebeln, Cashews, Sesam","Knoblauch und Ingwer fein hacken. | In einem Topf das Sesamöl erhitzen und Knoblauch und Ingwer kurz andünsten. | Misopaste, Sojasauce und Currypaste zugeben und kurz mitbraten. | Mit Gemüsebrühe ablöschen, Kokosmilch zugeben und so lange einköcheln lassen, bis die gewünschte cremige Konsistenz erreicht ist. | Udon-Nudeln nach Packungsanweisung kochen. | Nudeln in Schalen verteilen und mit der Suppe übergießen. | Optional mit gehobelten Karotten, Lauchzwiebeln, Cashews und Sesam garnieren.",asiatische-udon-bowl.jpg,,,Instagram
Sweet & Spicy Salmon Bowls,mit-fisch; bowl; asiatisch; lachs; mittel,30,2,"250 g Lachsfilet ohne Haut, gewürfelt | 1 EL Honig | 1 EL Misopaste | 1 EL Sojasauce | 0.5 TL geriebener Ingwer | 2 EL Wasser | 0.5 TL Maisstärke | 150 g Jasminreis | 100 g Edamame (TK) | 1 Salatgurke | 0.5 Jalapeño | 2 EL frischer Koriander | 1 Avocado | Olivenöl | Salz | schwarzer Sesam zum Servieren","Jasminreis nach Packungsanweisung kochen. | Edamame nach Packungsanweisung garen. | Marinade aus Honig, Misopaste, Sojasauce, Ingwer, Wasser und Maisstärke glatt rühren. | Lachswürfel in einer Pfanne mit etwas Öl bei mittlerer Hitze 3-4 Min anbraten, dann mit der Marinade glasieren und 1-2 Min köcheln lassen, bis sie cremig wird. | Für die Salsa Gurke und Jalapeño fein würfeln, Koriander hacken und Avocado in Würfel schneiden. Alles mit etwas Olivenöl und Salz mischen. | Reis in Schalen anrichten, Edamame, Lachs und Salsa darauf verteilen. Mit schwarzem Sesam bestreuen.",sweet-spicy-salmon-bowl.jpg,,,Instagram
Baked Cherry Tomato Pasta,pasta; vegetarisch; italienisch; mittel,35,2,200 g Spaghetti | 400 g Kirschtomaten | 150 g Ricotta | 30 g Parmesan | 4 EL Olivenöl | frisches Basilikum | Salz und Pfeffer,"Ofen auf 200 °C Ober-/Unterhitze vorheizen. | Kirschtomaten in einer Auflaufform mit Olivenöl, Salz und Pfeffer vermengen. 25-30 Min backen, bis sie weich sind und Saft ziehen. | Spaghetti nach Packungsanweisung in Salzwasser bissfest kochen. | Tomaten aus dem Ofen nehmen und mit einer Gabel leicht zerdrücken. Ricotta einrühren, sodass eine cremige Sauce entsteht. | Pasta abgießen und mit der Sauce vermengen. | Mit Parmesan und frischem Basilikum servieren.",baked-cherry-tomato-pasta.jpg,"Adaptiert, das Original-Reel hatte keine Mengenangaben. Mengen sind ein Vorschlag.",,Instagram
Sweet Chili Lachs-Pasta mit Feta,mit-fisch; pasta; lachs; schnell,30,2,100 g Pasta | 2 Lachsfilets (ohne Haut) | 35 g Frischkäse (light) | 20 g Mayonnaise (light) | 20 g Sweet-Chili-Sauce | 7 g Honig | 15 g Feta | 1 Handvoll Rucola | 0.5 TL Paprikapulver | 0.5 TL Chilipulver | 0.5 TL Zwiebelgranulat | 0.5 TL Knoblauchpulver | 0.5 TL gemischte Kräuter | Salz und Pfeffer,"Ofen auf 200 °C Ober-/Unterhitze vorheizen. | Lachsfilets mit Paprika, Chilipulver, Zwiebelgranulat, Knoblauchpulver, Kräutern, Salz und Pfeffer würzen. | Lachs auf einem Blech 12-15 Min im Ofen garen. | Pasta nach Packungsanweisung in Salzwasser bissfest kochen. | Frischkäse, Mayo, Sweet-Chili-Sauce und Honig in einer Schüssel glatt rühren. | Pasta abgießen und mit der Sauce vermengen. | Lachs in Stücke teilen und über die Pasta geben. | Mit zerkrümeltem Feta und frischem Rucola servieren.",sweet-chilli-salmon-pasta.jpg,Original-Angabe: ca. 412 kcal und 25 g Protein pro Portion.,,Instagram (@kirstyskitchenclub)
Kürbis-Karotten-Suppe,vegan; suppe; mittel,50,2,300 g Hokkaido-Kürbis | 2 große Karotten | 1 kleine Zwiebel | 1 kleiner Apfel | 1 Stück Ingwer | 1 Knoblauchzehe | 250 ml Gemüse- oder Knochenbrühe | 1 Schuss Kokosmilch (ca. 75 ml) | Olivenöl | Salz und Pfeffer,"Ofen auf 180 °C Ober-/Unterhitze vorheizen. | Kürbis, Karotten, Zwiebel, Apfel, Ingwer und Knoblauch grob schneiden. | Mit Olivenöl beträufeln, salzen, pfeffern und auf ein Backblech geben. | 30-40 Min rösten, bis das Gemüse weich ist. | Das Ofengemüse in einen Topf geben, mit Brühe aufgießen und fein pürieren. | Mit einem Schuss Kokosmilch cremig mixen und nochmals abschmecken.",kuerbis-karotten-suppe.jpg,Suppen sind besonders bekömmlich und ideal für eine darmfreundliche Ernährung.,,Instagram
"Udon-Pfanne mit Tofu, Mango und Gochujang",vegetarisch; asiatisch; schnell; bowl,25,2,1 Packung Udon-Nudeln (vorgekocht oder getrocknet) | 200 g Tofu (natur) | 1 EL Speisestärke | 1 EL geröstetes Sesamöl | 1 Paprika | 0.5 Mango | 100 g Edamame (TK oder vorgegart) | 1 EL Gochujang | 1 EL Honig oder Mirin | 2 EL Sojasauce | 1 EL Erdnussmus | 3-4 EL Wasser | frischer Koriander zum Toppen,"Udon-Nudeln nach Packungsanleitung kochen und beiseitestellen. | Tofu in mundgerechte Würfel schneiden und in Speisestärke wälzen. | In einer heißen Pfanne mit etwas Öl knusprig anbraten und beiseitestellen. | Für die Sauce Gochujang, Honig (oder Mirin), Sojasauce, Erdnussmus und Wasser glatt verrühren. | Paprika und Mango in Streifen schneiden. | Udon-Nudeln, Edamame, Paprika, Mango und Sauce in eine Pfanne geben und gut vermengen. | Den knusprigen Tofu zum Schluss unterheben, damit er knusprig bleibt. | Mit Koriander toppen und servieren.",udon-tofu-mango.jpg,"Nährwerte ca.: 580 kcal, 25 g Protein, 9 g Ballaststoffe.",,Instagram
Crispy Rice Salad,vegan; bowl; asiatisch; salat; mittel,25,2,200 g gekochter Reis (vom Vortag) | 2 EL Chili-Öl | 2 EL Sojasauce | 2 EL cremige Erdnussbutter | 1 Knoblauchzehe | 1 EL Sriracha | 1 EL Reisessig | 2 EL Wasser | 100 g Edamame | 1 Avocado | 0.5 Salatgurke | 0.5 rote Paprika | 2 Frühlingszwiebeln | frischer Koriander | frischer Dill | gehackte Erdnüsse zum Toppen,"Reis in einer Pfanne mit Chili-Öl bei mittlerer Hitze 10-12 Min knusprig anbraten, ohne zu viel zu rühren, damit der Boden goldbraun wird. | Edamame nach Packungsanweisung garen. | Avocado, Gurke, Paprika und Frühlingszwiebeln klein würfeln. | Für das Dressing Erdnussbutter, Sojasauce, Sriracha, Knoblauch (gerieben), Reisessig und Wasser glatt rühren. | Knusprigen Reis, Edamame und Gemüse in eine Schüssel geben. | Mit Dressing beträufeln, Koriander und Dill darüberstreuen, mit gehackten Erdnüssen toppen.",crispy-rice-salad.jpg,"Adaptiert, das Original-Reel hatte keine Mengenangaben. Mengen sind ein Vorschlag.",,Instagram
Garlic Kimchi Fried Rice,vegan; asiatisch; bowl; mittel,35,2,"200 g Tofu | 1 TL Kimchi-Saft | 1 TL Gochujang | 1 TL Sojasauce | 0.5 TL Ahornsirup | 1 kleine Knoblauchzehe (gerieben) | etwas Avocado- oder Olivenöl | 400 g gekochter Mittelkornreis (vom Vortag) | 4 Knoblauchzehen | 5 cm Ingwer | 4 EL Frühlingszwiebeln | 100 g Kimchi | 2 EL Sojasauce | 1 EL Kimchi-Saft | 1 TL Reisessig | 2 TL Sesamöl | 1.5 TL brauner Zucker | 50 g TK-Erbsen | 2 EL vegane Mayo | 1 EL Sriracha | zum Servieren: Gurke (in Streifen), Koriander, Limette, Sesam","Tofu in kleine Würfel schneiden und mit Sojasauce, Kimchi-Saft, Gochujang, Ahornsirup, geriebenem Knoblauch und etwas Öl marinieren. | In der Heißluftfritteuse bei 200 °C 12-15 Min knusprig backen oder in einer Pfanne anbraten. | In einer großen Pfanne bei mittlerer Hitze etwas Öl erhitzen. Knoblauch (gepresst), Ingwer (gerieben) und Frühlingszwiebeln 1 Min anbraten. | Die Hälfte des Kimchi (50 g) zugeben und 2 Min braten. | Reis zugeben (bei Bedarf mehr Öl) und 7 Min braten, bis er anfängt knusprig zu werden. | Für die Sauce Sojasauce, Kimchi-Saft, Reisessig, Sesamöl und braunen Zucker mischen. Über den Reis geben und 1-2 Min weiter braten. | TK-Erbsen, restlichen Kimchi und Tofu zugeben und nur kurz erwärmen. | Für die Spicy Mayo Mayo und Sriracha verrühren. | Mit Spicy Mayo, Gurkenstreifen, Koriander, Limette und Sesam servieren.",kimchi-fried-rice.jpg,"Alter, kalter Reis vom Vortag funktioniert am besten, weil er knuspriger wird.",,Instagram
Lachs im Blätterteig,mit-fisch; gebacken; für-gäste; lachs,45,2,"400 g Lachsfilet ohne Haut | 1 Rolle Blätterteig (ca. 275 g) | 150 g junger Blattspinat | 1 kleine Zwiebel | 2 Knoblauchzehen | 100 g Crème fraîche | 40 g Parmesan, frisch gerieben | 1 Eigelb zum Bestreichen | 1 EL Butter | 1 EL heller Sesam | Salz und Pfeffer | nach Wahl: frischer Dill oder Petersilie","Den Ofen auf 180 °C Umluft vorheizen und ein Blech mit Backpapier auslegen. | Zwiebel und Knoblauch fein würfeln und in einer Pfanne mit der zerlassenen Butter bei mittlerer Hitze andünsten, bis sie weich und glasig sind. | Den Spinat portionsweise dazugeben und unter Rühren zusammenfallen lassen. | Pfanne vom Herd ziehen, Crème fraîche und Parmesan einrühren und mit Salz, Pfeffer und Kräutern kräftig abschmecken. Etwas abkühlen lassen. | Den Blätterteig auf der Arbeitsfläche ausbreiten und den Lachs mittig auflegen. Die abgekühlte Spinatmasse als gleichmäßige Schicht auf dem Lachs verteilen. | Die Teigseiten über den Lachs einschlagen und an den Enden gut verschließen. Vorsichtig wenden und mit der Naht nach unten auf das Blech setzen. | Die Oberseite mit einem scharfen Messer leicht einritzen, mit verquirltem Eigelb bestreichen und mit Sesam bestreuen. | Etwa 30 Minuten goldbraun backen. | Vor dem Anschneiden 5 Minuten ruhen lassen, dann in Scheiben servieren.",lachs-blaetterteig.jpg,Passt zu einem grünen Salat oder Ofengemüse. Schmeckt auch am nächsten Tag noch lauwarm oder kalt.,,
Halloumi-Spargel-Carbonara,vegetarisch; pasta; spargel; halloumi; schnell,25,2,"200 g Spaghetti | 4 Eier | 50 g Parmesan, frisch gerieben | 1 Bund grüner Spargel | 1 Halloumi (ca. 200 g) | 1 TL Honig | 1 TL Crispy Chili Öl | Salz und Pfeffer","Spaghetti in reichlich Salzwasser al dente kochen und eine Tasse Nudelwasser abnehmen, bevor du abgießt. | Den Halloumi in Würfel schneiden und in einer trockenen Pfanne goldbraun anbraten. | Honig und Crispy Chili Öl zugeben, kurz schwenken bis die Würfel glasiert sind, dann beiseitestellen. | Den Spargel in mundgerechte Stücke schneiden und in derselben Pfanne kurz anrösten, sodass er bissfest bleibt. | In einer Schüssel die Eier mit dem Parmesan, Salz, Pfeffer und ein paar Esslöffeln Nudelwasser zu einer cremigen Masse verrühren. | Die abgegossenen Spaghetti kurz abkühlen lassen, dann unter die Ei-Käse-Mischung heben, sodass eine cremige Sauce entsteht. | Spargel und Halloumi unterheben und alles gut vermengen. | Auf Teller verteilen und mit etwas extra Parmesan und einem Tropfen Chili Öl servieren.",halloumi-spargel-carbonara.jpg,"Damit das Ei nicht stockt, die Pfanne unbedingt vom Herd nehmen, bevor die Eimischung dazukommt.",,
Vegetarische Lasagne mit Soja-Hack,vegetarisch; pasta; gebacken; für-gäste,60,2,"6 Lasagneplatten | 120 g Soja-Hack | 1 kleine Zucchini | 3 mittlere Karotten | 1 Zwiebel | 2 Knoblauchzehen | 400 g passierte Tomaten | 150 ml Gemüsebrühe | 150 g Crème fraîche | 100 g Käse, gerieben | 2 EL Tomatenmark | 1 EL Olivenöl | 1 TL italienische Kräuter | Salz und Pfeffer","Den Ofen auf 180 °C Ober-/Unterhitze vorheizen. | Das Soja-Hack nach Packungsanweisung in Wasser oder Brühe einweichen und gut ausdrücken. | Zwiebel und Knoblauch hacken und im Olivenöl in einer Pfanne anbraten. | Zucchini würfeln und Karotten fein raspeln oder klein schneiden, dann mit in die Pfanne geben und kurz mitbraten. | Das Soja-Hack zugeben, einige Minuten rösten und das Tomatenmark dazugeben, kurz mitrösten. | Mit passierten Tomaten und Brühe ablöschen, mit Kräutern, Salz und Pfeffer würzen und 10 Minuten leicht köcheln lassen. | Die Crème fraîche in einer Schüssel glatt rühren und leicht salzen. | In einer Auflaufform abwechselnd Tomatensauce, Lasagneplatten und Crème fraîche schichten, mit Sauce abschließen. | Mit dem geriebenen Käse bestreuen und 30 bis 35 Minuten goldbraun backen. | Vor dem Servieren 10 Minuten ruhen lassen, damit sich die Schichten setzen können.",lasagne-sojahack.jpg,Schmeckt aufgewärmt am nächsten Tag oft sogar noch besser.,,
Lemon Orzo mit Lachs und Zucchini,mit-fisch; pasta; onepot; lachs; schnell,25,2,250 g Lachsfilet | 140 g Orzo | 1 kleine Zucchini | 1 Schalotte | 1 Bio-Zitrone | 300 ml Gemüsebrühe | 2 EL Frischkäse | 1 EL Olivenöl | frischer Dill | Salz und Pfeffer,"Den Lachs mit Salz und Pfeffer würzen und in einer Pfanne mit Olivenöl von beiden Seiten kurz scharf anbraten, dann herausnehmen und beiseitestellen. | Die Schalotte fein würfeln und die Zucchini in kleine Stücke schneiden. Beides in der gleichen Pfanne andünsten. | Den Orzo zufügen und kurz mitrösten, bis er leicht glasig wird. | Mit der Gemüsebrühe ablöschen und unter gelegentlichem Rühren weichkochen, bis der Orzo gar und die Flüssigkeit fast aufgenommen ist. | Frischkäse einrühren, dazu den Abrieb der Zitrone und einen guten Schuss Zitronensaft. Alles cremig verrühren und mit Salz und Pfeffer abschmecken. | Den Lachs zurück in die Pfanne legen und kurz fertig garen lassen. | Mit frisch gehacktem Dill bestreut servieren.",lemon-orzo-lachs.jpg,Funktioniert auch wunderbar mit Garnelen statt Lachs.,,
Gefüllte Auberginen mit Hummus und Halloumi,vegetarisch; gebacken; mediterran; halloumi; für-gäste,45,2,"2 mittelgroße Auberginen | 200 g Halloumi | 0.5 Salatgurke | 1 Dose Kichererbsen (240 g Abtropfgewicht) | 1 Knoblauchzehe | 0.5 Zitrone (Saft) | 2 EL Joghurt | 2 EL Olivenöl plus 3 EL für den Hummus | 2 EL Tahini | 1 TL Paprikapulver | 1 TL Kreuzkümmel (optional) | Salz und Pfeffer | nach Wahl: Dill, Minze, Petersilie, Granatapfelkerne, Sesam","Den Ofen auf 200 °C Umluft vorheizen. | Die Auberginen längs halbieren und das Fruchtfleisch rautenförmig einritzen, ohne die Schale zu durchstoßen. Mit 2 EL Olivenöl bestreichen, mit Salz, Pfeffer, Paprikapulver und optional Kreuzkümmel würzen. | Mit der Schnittfläche nach oben auf ein Blech setzen und 30 bis 35 Minuten backen, bis das Fruchtfleisch weich und goldbraun ist. | Für den Hummus die Kichererbsen abtropfen lassen und mit Tahini, Knoblauch, Zitronensaft, 3 EL Olivenöl und einer Prise Salz fein pürieren. Bei Bedarf esslöffelweise Wasser dazugeben, bis die Konsistenz cremig wird. | Die Gurke fein würfeln oder raspeln und mit dem Joghurt vermengen. Mit Salz und nach Wunsch frisch gehackten Kräutern abschmecken. | Den Halloumi in Scheiben schneiden und in einer Pfanne mit wenig Öl von beiden Seiten goldbraun anbraten. | Die gebackenen Auberginen mit einem Löffel leicht eindrücken, großzügig mit Hummus bedecken, den Halloumi auflegen und mit dem Gurken-Joghurt-Topping sowie nach Wahl Granatapfelkernen, Sesam oder Kräutern garnieren.",auberginen-hummus-halloumi.jpg,"Den Hummus kannst du auch am Vortag vorbereiten, er schmeckt durchgezogen noch besser.",,
Orzo Onepot Lasagne,vegetarisch; pasta; onepot; schnell,30,2,"150 g Orzo | 250 g vegetarisches Hack | 1 Karotte | 1 Zwiebel | 400 g stückige Tomaten | 500 ml Gemüsebrühe | 3 EL Gouda, gerieben | 2 TL Tomatenmark | 1 EL Olivenöl | Salz und Pfeffer | zum Servieren: Schmand und frisches Basilikum","Die Zwiebel fein würfeln und in einer großen Pfanne im Olivenöl andünsten. | Die Karotte ebenfalls würfeln und 2 bis 3 Minuten mitbraten, bis sie leicht weich wird. | Tomatenmark einrühren und kurz mit anrösten, damit es sein Aroma entfaltet. | Das vegetarische Hack dazugeben und 5 bis 6 Minuten unter Rühren krümelig anbraten. | Stückige Tomaten, Gemüsebrühe und Orzo zugeben und alles gut vermischen. | Ohne Deckel bei mittlerer Hitze 15 bis 18 Minuten köcheln lassen und gelegentlich umrühren, bis der Orzo gar und die Flüssigkeit fast aufgenommen ist. | Den geriebenen Gouda unterheben und mit Salz und Pfeffer abschmecken. | Auf Teller verteilen und mit einem Klecks Schmand und frischen Basilikumblättern servieren.",orzo-onepot-lasagne.jpg,"Schmeckt am nächsten Tag noch besser, weil der Orzo die Aromen aufnimmt.",,
Garnelen-Avocado-Salat,mit-fisch; salat; garnelen; schnell; mediterran,15,2,220 g gekochte Garnelen | 2 Avocados | 220 g Cherrytomaten | 0.5 Salatgurke | 1 kleine rote Zwiebel | 1 Knoblauchzehe | 3-4 Stiele Petersilie | 2 EL Weißweinessig | 1 EL Olivenöl | 1.5 TL Dijon-Senf | 1.5 TL Honig | Salz und Pfeffer,"Die Garnelen in eine große Schüssel geben. | Die rote Zwiebel in feine Ringe schneiden, Knoblauch und Petersilie fein hacken. | Die Gurke längs halbieren und in dünne Halbmonde schneiden. | Die Avocados würfeln und die Cherrytomaten halbieren. | Zwiebelringe, Knoblauch, Petersilie, Gurke, Avocado und Tomaten zu den Garnelen geben. | In einer kleinen Schüssel das Dressing aus Olivenöl, Weißweinessig, Honig und Dijon-Senf glatt rühren. | Das Dressing über den Salat geben, alles vorsichtig vermengen, damit die Avocado nicht zerfällt, und mit Salz und Pfeffer abschmecken.",garnelen-avocado-salat.jpg,Mit etwas Baguette wird daraus eine leichte Hauptmahlzeit. Schmeckt am besten frisch zubereitet.,,
Spinat-Feta-Gnocchi,vegetarisch; gnocchi; schnell; alltag,25,2,"480 g Gnocchi (vorgegart) | 240 g Champignons | 240 g Blattspinat (TK) | 190 g Feta | 95 g saure Sahne | 2 Zwiebeln | 1 Knoblauchzehe | 190 ml Gemüsebrühe | 4 TL Olivenöl | 2 TL Oregano, getrocknet | Salz und Pfeffer","Die Zwiebeln und den Knoblauch fein hacken, die Champignons putzen und vierteln und den Feta in Würfel schneiden. | Das Olivenöl in einer großen Pfanne bei mittlerer Hitze erhitzen und die Gnocchi rundherum goldbraun anbraten. Anschließend aus der Pfanne nehmen. | Etwas Öl in derselben Pfanne erhitzen und Zwiebeln, Knoblauch und Champignons anbraten, bis die Zwiebeln glasig sind. | Den gefrorenen Spinat und die Gemüsebrühe zugeben und garen, bis der Spinat aufgetaut und der Großteil der Flüssigkeit eingekocht ist. | Saure Sahne und Oregano unterrühren und 2 bis 3 Minuten köcheln lassen. | Die Hitze ausschalten, Feta und Gnocchi zurück in die Pfanne geben und mit der Resthitze kurz erwärmen. | Mit Salz und Pfeffer abschmecken und servieren.",spinat-feta-gnocchi.jpg,"Funktioniert auch mit frischem Spinat. Dafür einfach zum Schluss eine große Handvoll dazugeben, bis er zusammenfällt.",,
Spargel-Lachs-Flammkuchen,mit-fisch; gebacken; flammkuchen; spargel; lachs; schnell,20,2,"1 Flammkuchenteig | 150 g Lachs | 0.5 Bund grüner Spargel | 0.5 rote Zwiebel | 100 g Crème fraîche | 40 g Käse, gerieben | Salz und Pfeffer | italienische Kräuter oder Kräuter nach Wahl","Den Ofen auf 220 °C vorheizen. | Den Flammkuchenteig auf einem mit Backpapier ausgelegten Blech ausrollen und gleichmäßig mit Crème fraîche bestreichen. | Die Zwiebel in feine Streifen schneiden und den Spargel in mundgerechte Stücke. | Den Teig mit Zwiebelstreifen, Spargelstücken und etwas geriebenem Käse belegen. | Mit Salz, Pfeffer und Kräutern würzen. | Im Ofen 10 bis 12 Minuten backen, bis der Rand goldbraun und knusprig ist. | Den Lachs in Stücke zupfen und auf den fast fertigen Flammkuchen geben, kurz warm werden lassen. Wenn du den Lachs gut durchgegart magst, kannst du ihn auch von Anfang an mitbacken. | In Stücke schneiden und sofort servieren.",spargel-lachs-flammkuchen.jpg,Lässt sich mit Räucherlachs nach dem Backen statt rohem Lachs noch entspannter zubereiten.,,
Cremige Garnelen-Orzo-Pfanne,mit-fisch; pasta; onepot; garnelen; mediterran,30,2,"300 g Garnelen | 250 g Orzo | 340 g Cherrytomaten | 2 Handvoll Blattspinat | 1 gelbe Zwiebel | 1 Knoblauchzehe | 3 EL getrocknete Tomaten | 240 ml Sahne oder Kokosmilch | 720 ml Gemüsebrühe | 25 g Parmesan, gerieben | 2 EL Olivenöl | 1 EL Butter | 0.5 TL Chiliflocken | 1 TL Salz","Etwas Olivenöl in einer großen Pfanne bei mittlerer Hitze erhitzen. | Die Garnelen mit Salz und Chiliflocken würzen. Knoblauch fein hacken. Butter in die Pfanne geben und die Garnelen mit dem Knoblauch von jeder Seite 2 bis 3 Minuten goldbraun anbraten, bis sie fast durchgegart sind. Anschließend herausnehmen und beiseitestellen. | Noch etwas Olivenöl in die Pfanne geben und die gewürfelte Zwiebel 2 bis 3 Minuten anschwitzen. | Cherrytomaten zugeben und etwa 5 Minuten garen, bis sie aufplatzen und weich werden. Getrocknete Tomaten unterrühren und die Cherrytomaten leicht andrücken. | Orzo, Sahne und Brühe in die Pfanne geben und alles gut verrühren. | Den Parmesan einrühren und etwa 10 Minuten kochen lassen, bis der Orzo gar ist und die Flüssigkeit aufgenommen wurde. Dabei regelmäßig umrühren. | Wenn fast keine Flüssigkeit mehr da ist, den Spinat unterheben und zusammenfallen lassen. | Die Garnelen zurück in die Pfanne geben, kurz mit erwärmen und mit extra Parmesan servieren.",garnelen-orzo-pfanne.jpg,Schmeckt auch hervorragend mit Kokosmilch statt Sahne für eine leicht asiatische Note.,,
Salat mit Burrata und grünem Spargel,vegetarisch; salat; spargel; für-gäste; mediterran,20,2,"1 Burrata | 250 g grüner Spargel | 2 Handvoll Rucola oder gemischter Blattsalat | 150 g Kirschtomaten | 1 Zitrone | 1 kleine Handvoll geröstete Pinienkerne oder Pistazien | 3 EL Olivenöl plus etwas zum Anbraten | 1 TL Honig oder Ahornsirup | Salz und Pfeffer | optional: etwas Parmesan, frisches Basilikum oder Minze","Die holzigen Enden vom Spargel abschneiden und die Stangen in 3 bis 4 cm lange Stücke schneiden. | Etwas Olivenöl in einer Pfanne erhitzen und den Spargel 5 bis 7 Minuten anbraten, bis er leicht gebräunt, aber noch bissfest ist. Mit Salz, Pfeffer und etwas Zitronenabrieb würzen. | Für das Dressing 3 EL Olivenöl, 1 bis 2 EL Zitronensaft, Honig sowie eine Prise Salz und Pfeffer glatt verrühren. | Rucola und halbierte Kirschtomaten auf eine große Platte oder in eine Schüssel geben. | Den warmen Spargel darüber verteilen und die Burrata mittig daraufsetzen, leicht aufreißen. | Mit dem Dressing beträufeln und mit Pinienkernen oder Pistazien sowie optional Parmesanhobeln und frischen Kräutern garnieren.",burrata-spargel-salat.jpg,"Wenn der Spargel Saison hat, ist dieser Salat das schönste 20-Minuten-Sommer-Gericht.",,
Quinoa-Halloumi-Bowl,vegetarisch; bowl; gebacken; halloumi; mediterran,35,2,1 Halloumi (ca. 200 g) | 100 g Quinoa | 1 Aubergine | 1 Zucchini | 1 Paprika | 2 Tomaten | 0.5 Zitrone (Saft) | 2 EL Olivenöl | 2 TL Honig | etwas frischer Rosmarin | Salz und Pfeffer,"Den Ofen auf 180 °C Ober-/Unterhitze vorheizen. | Aubergine, Zucchini und Paprika in mundgerechte Würfel schneiden. | Aus Zitronensaft, Olivenöl, Honig, Salz und Pfeffer ein Dressing anrühren. | Das Gemüse in einer Schüssel mit der Hälfte des Dressings und gehacktem Rosmarin vermengen. | Das marinierte Gemüse auf ein Blech geben und 25 bis 30 Minuten rösten, bis es weich und an den Rändern leicht gebräunt ist. | Den Quinoa nach Packungsanweisung garen und mit einer Gabel auflockern. | Den Halloumi in Würfel oder Scheiben schneiden und in einer Pfanne ohne Öl von allen Seiten goldbraun anbraten. | Die Tomaten klein würfeln. | Quinoa, Ofengemüse, frische Tomatenwürfel und Halloumi in tiefen Schüsseln anrichten und mit dem restlichen Dressing beträufeln.",quinoa-halloumi-bowl.jpg,Schmeckt warm und kalt. Macht sich super als Meal Prep für die Mittagspause.,,
Garnelen-Pasta in Tomaten-Sahne-Sauce,mit-fisch; pasta; garnelen; mediterran,30,2,300 g Garnelen | 250 g Rigatoni | 400 ml passierte Tomaten | 200 ml Sahne | 1 Zwiebel | 1 Paprika | 2 Knoblauchzehen | 0.5 Zitrone (Saft) | 1 kleines Stück Butter | etwas Olivenöl | etwas Maisstärke | etwas Parmesan | etwas Petersilie | 1 TL Paprikapulver | 1 TL Chiliflocken | 1 TL getrocknete italienische Kräuter | 1 TL Salz | 1 TL Pfeffer,"Die aufgetauten Garnelen mit Zitronensaft, einem Schuss Olivenöl, Salz, Pfeffer, Paprikapulver, Chiliflocken und italienischen Kräutern marinieren und 10 Minuten ziehen lassen. | Die Garnelen leicht in etwas Maisstärke wenden und in einer heißen Pfanne pro Seite etwa 2 Minuten scharf anbraten, danach herausnehmen und beiseitestellen. | Die Butter in die Pfanne geben, Zwiebel und Paprika fein würfeln und den Knoblauch fein reiben oder pressen. Alles einige Minuten anbraten, bis das Gemüse weich ist. | Mit den passierten Tomaten und der Sahne ablöschen und die Sauce 5 bis 10 Minuten leicht einköcheln lassen, bis sie sämig wird. | Klein geschnittene Petersilie und etwas geriebenen Parmesan einrühren und mit Salz und Pfeffer abschmecken. | Parallel die Rigatoni nach Packungsanweisung al dente kochen und abgießen. | Garnelen und Nudeln in die Sauce geben, kurz schwenken und mit extra Parmesan und Petersilie heiß servieren.",garnelen-pasta.jpg,"Die Maisstärke macht die Garnelen besonders knusprig. Wer mag, kann zusätzlich einen Schuss Weißwein zur Sauce geben.",,
